account_id;customer_id;account_type;balance;open_date;status
100001;1;savings;44568;2020-02-28;active
100002;2;savings;28604;2021-07-03;dormant
100003;2;savings;43150;2023-10-23;active
100004;2;savings;17589;2025-04-14;active
100005;3;savings;12748;2025-06-09;active
100006;3;chequing;24731;2021-07-07;active
100007;3;savings;21851;2024-04-05;active
100008;4;savings;3969;2019-07-19;active
100009;4;savings;41914;2024-12-07;active
100010;4;savings;49806;2019-06-25;active
100011;5;savings;26396;2025-08-16;active
100012;5;chequing;34923;2021-12-04;active
100013;5;savings;38977;2018-07-21;active
100014;6;chequing;34675;2025-11-21;active
100015;7;savings;18290;2023-07-19;dormant
100016;7;savings;11995;2020-04-04;active
100017;7;chequing;48431;2020-02-23;active
100018;8;savings;21486;2023-09-14;active
100019;8;chequing;24999;2021-02-09;active
100020;8;savings;2223;2018-05-08;dormant
100021;9;chequing;14811;2025-01-07;active
100022;9;savings;21948;2022-03-28;active
100023;9;savings;38874;2025-01-11;active
100024;10;savings;10345;2025-07-30;active
100025;10;savings;35874;2018-03-06;active
100026;11;savings;9568;2023-10-16;active
100027;11;savings;46453;2023-10-07;active
100028;11;chequing;23207;2025-04-04;active
100029;12;chequing;1866;2018-09-05;active
100030;12;savings;46537;2020-01-01;active
100031;13;savings;20272;2023-10-20;active
100032;13;chequing;35378;2024-09-03;dormant
100033;14;chequing;47976;2021-01-04;dormant
100034;15;savings;18107;2024-05-13;active
100035;15;savings;28539;2019-11-10;active
100036;15;chequing;17395;2025-07-06;dormant
100037;16;savings;40406;2019-04-17;active
100038;16;savings;41057;2023-02-21;active
100039;16;chequing;3595;2022-09-24;active
100040;17;chequing;30977;2022-05-03;active
100041;18;savings;48620;2024-01-14;active
100042;18;chequing;18985;2019-05-07;active
100043;19;chequing;12524;2021-11-23;active
100044;20;chequing;23538;2019-09-24;active
100045;20;savings;49652;2025-10-27;active
100046;21;savings;14289;2024-12-30;active
100047;21;savings;37127;2019-06-27;active
100048;21;chequing;3634;2025-08-28;active
100049;22;savings;8171;2019-06-09;active
100050;23;chequing;10088;2024-10-15;active
100051;23;savings;42512;2021-09-25;active
100052;23;savings;18931;2021-04-23;active
100053;24;chequing;11172;2023-08-06;active
100054;25;chequing;14629;2020-02-27;active
100055;25;chequing;25797;2023-09-10;active
100056;25;savings;28260;2018-11-02;active
100057;26;savings;34777;2019-10-28;active
100058;26;chequing;17846;2020-01-22;active
100059;26;chequing;15287;2022-05-05;dormant
100060;27;chequing;20695;2024-03-02;active
100061;28;chequing;32358;2023-03-10;active
100062;28;savings;44558;2022-01-26;active
100063;28;chequing;26397;2019-06-01;active
100064;29;chequing;35586;2025-06-19;active
100065;29;savings;3456;2025-10-19;active
100066;29;savings;49715;2018-12-01;active
100067;30;savings;39542;2023-03-03;active
100068;31;savings;29564;2023-04-23;active
100069;31;savings;12203;2023-05-16;active
100070;32;savings;19715;2021-06-02;dormant
100071;32;savings;9166;2023-10-26;active
100072;32;savings;18038;2021-08-15;active
100073;33;savings;29036;2025-05-15;active
100074;33;chequing;229;2026-03-02;active
100075;34;savings;24781;2025-05-19;active
100076;34;savings;23192;2024-06-18;active
100077;35;savings;39710;2019-12-31;active
100078;35;chequing;33473;2019-02-22;active
100079;36;chequing;8184;2020-07-02;active
100080;37;chequing;11652;2021-09-12;active
100081;38;savings;40442;2025-07-26;active
100082;38;chequing;24342;2018-12-12;dormant
100083;39;chequing;22078;2022-11-30;active
100084;40;savings;31756;2018-03-04;active
100085;40;chequing;31268;2021-06-22;active
100086;40;chequing;41118;2022-07-23;active
100087;41;chequing;26163;2021-06-10;active
100088;41;chequing;30798;2022-09-01;active
100089;42;savings;6302;2022-09-20;active
100090;42;chequing;27658;2025-08-11;active
100091;42;chequing;7745;2024-05-15;dormant
100092;43;savings;8004;2026-01-31;active
100093;43;chequing;25179;2025-07-27;active
100094;43;chequing;23307;2019-08-03;active
100095;44;chequing;41292;2021-02-01;active
100096;44;savings;36268;2024-12-16;active
100097;45;chequing;9407;2024-09-25;active
100098;46;chequing;35838;2024-06-30;active
100099;46;savings;24900;2025-03-11;active
100100;46;savings;41495;2018-05-19;active
100101;47;chequing;9101;2023-01-21;active
100102;47;savings;36853;2024-03-07;active
100103;47;chequing;32996;2026-01-04;active
100104;48;savings;19560;2021-04-22;active
100105;48;savings;30553;2025-08-24;active
100106;49;chequing;6761;2021-06-07;active
100107;50;savings;29251;2021-06-17;active
100108;51;savings;45719;2018-12-07;dormant
100109;51;savings;15643;2023-07-26;active
100110;51;savings;36433;2025-11-09;active
100111;52;chequing;37419;2022-08-30;active
100112;52;chequing;36514;2023-12-10;active
100113;52;savings;37977;2019-12-17;active
100114;53;savings;3892;2019-01-31;active
100115;53;savings;14985;2019-12-27;active
100116;54;savings;45121;2021-04-11;active
100117;55;chequing;12106;2020-08-07;active
100118;55;chequing;38895;2025-06-05;active
100119;55;chequing;39102;2020-03-19;active
100120;56;chequing;44288;2021-06-22;active
100121;56;chequing;11122;2021-10-10;active
100122;56;chequing;9948;2025-10-13;active
100123;57;savings;10476;2021-11-15;active
100124;58;savings;14573;2018-04-15;active
100125;58;chequing;32433;2024-06-16;active
100126;58;savings;2370;2022-06-25;active
100127;59;chequing;36297;2018-11-23;active
100128;60;chequing;38336;2022-08-05;active
100129;61;savings;17169;2025-12-15;active
100130;61;savings;24653;2020-07-29;active
100131;61;savings;1864;2025-10-25;active
100132;62;savings;15022;2023-09-01;active
100133;63;savings;13603;2022-02-09;dormant
100134;63;chequing;19481;2021-01-11;active
100135;64;savings;42447;2019-07-14;dormant
100136;64;chequing;2998;2018-08-15;dormant
100137;64;savings;28719;2020-06-04;dormant
100138;65;chequing;47831;2020-07-24;dormant
100139;65;savings;22628;2020-12-05;active
100140;65;chequing;22965;2020-06-05;active
100141;66;savings;30586;2020-08-24;active
100142;66;savings;26991;2020-05-11;active
100143;67;chequing;13251;2025-08-10;active
100144;67;savings;19832;2021-11-06;active
100145;68;savings;44641;2025-06-22;active
100146;68;savings;24799;2024-12-01;active
100147;69;chequing;39413;2022-02-17;active
100148;69;savings;35357;2024-05-13;active
100149;69;savings;19194;2019-08-30;active
100150;70;savings;29203;2018-12-30;active
100151;71;savings;24104;2018-09-21;active
100152;71;savings;41006;2024-02-13;active
100153;71;savings;19939;2026-03-16;active
100154;72;savings;38834;2018-10-14;active
100155;72;chequing;44745;2024-12-13;active
100156;73;chequing;10664;2020-01-21;active
100157;73;savings;8489;2025-03-18;active
100158;73;chequing;33507;2021-03-14;active
100159;74;chequing;46477;2024-07-15;active
100160;74;chequing;46599;2018-10-25;active
100161;74;savings;29452;2022-05-03;active
100162;75;savings;8073;2021-12-26;active
100163;75;chequing;27908;2022-04-07;active
100164;75;savings;9884;2022-03-25;active
100165;76;savings;22416;2020-11-27;active
100166;76;savings;17889;2019-12-29;active
100167;77;savings;17458;2018-02-10;active
100168;77;chequing;27668;2024-09-03;active
100169;78;savings;47831;2021-05-09;active
100170;78;chequing;49557;2023-05-03;active
100171;78;chequing;12065;2025-04-28;active
100172;79;chequing;9534;2020-12-16;dormant
100173;79;chequing;46037;2025-01-06;active
100174;79;savings;31013;2018-09-21;active
100175;80;savings;30263;2022-09-12;dormant
100176;80;savings;34150;2023-12-06;active
100177;80;chequing;41919;2018-05-16;active
100178;81;chequing;22414;2018-04-10;active
100179;82;chequing;47103;2019-09-09;active
100180;82;chequing;19678;2023-10-14;dormant
100181;83;savings;25540;2025-08-23;active
100182;83;chequing;24949;2019-01-10;active
100183;84;chequing;18214;2022-10-05;active
100184;84;savings;2342;2024-10-03;active
100185;84;savings;43105;2018-08-23;active
100186;85;savings;6049;2025-12-03;active
100187;86;chequing;26730;2019-12-06;active
100188;86;savings;1410;2024-12-26;active
100189;86;chequing;29310;2020-12-03;active
100190;87;chequing;39534;2023-02-28;active
100191;87;chequing;26259;2019-01-06;active
100192;87;savings;44088;2025-08-30;active
100193;88;savings;43162;2023-09-06;active
100194;89;savings;39864;2020-10-24;active
100195;89;savings;40512;2020-10-31;active
100196;90;chequing;17217;2025-12-20;active
100197;91;chequing;38533;2018-12-22;active
100198;91;chequing;18207;2024-07-21;active
100199;92;chequing;22059;2021-12-13;active
100200;93;chequing;40801;2025-03-29;active
100201;94;chequing;30105;2019-12-18;active
100202;95;savings;46196;2018-10-22;dormant
100203;96;chequing;21548;2019-10-18;active
100204;96;savings;9959;2021-01-14;active
100205;96;savings;41001;2025-05-19;active
100206;97;chequing;25086;2019-10-15;dormant
100207;97;savings;8373;2025-06-01;active
100208;97;chequing;48419;2022-09-07;active
100209;98;savings;34670;2023-03-09;active
100210;99;savings;22635;2025-01-04;active
100211;100;savings;18447;2024-06-29;dormant
100212;100;chequing;43622;2019-03-02;active
100213;100;chequing;24590;2019-08-07;dormant
100214;101;savings;40502;2020-11-16;active
100215;101;savings;23382;2019-10-12;dormant
100216;102;savings;47066;2019-06-09;active
100217;103;savings;8869;2019-01-02;active
100218;103;savings;38775;2023-09-15;active
100219;104;chequing;38909;2020-10-17;active
100220;104;savings;21449;2024-02-29;active
100221;104;savings;14783;2025-07-19;active
100222;105;savings;36449;2018-01-24;active
100223;105;chequing;19299;2020-07-13;active
100224;106;savings;12174;2018-01-11;active
100225;106;chequing;32970;2018-02-07;active
100226;106;chequing;5544;2021-12-12;dormant
100227;107;chequing;27358;2020-02-26;dormant
100228;107;savings;42702;2025-11-30;active
100229;108;savings;10678;2020-05-30;active
100230;108;chequing;39289;2026-01-19;active
100231;108;savings;25400;2025-01-06;active
100232;109;chequing;30855;2020-09-20;active
100233;109;savings;5950;2026-01-20;active
100234;110;chequing;14832;2025-03-10;active
100235;111;savings;26959;2025-05-28;active
100236;111;savings;4452;2022-12-20;active
100237;111;chequing;36516;2022-12-06;active
100238;112;savings;28209;2025-09-03;active
100239;112;savings;4072;2025-11-21;dormant
100240;113;savings;38282;2025-04-26;active
100241;114;savings;4770;2020-01-25;active
100242;115;savings;3841;2020-05-03;active
100243;115;chequing;37806;2024-09-30;active
100244;115;savings;47821;2021-11-27;dormant
100245;116;savings;26850;2021-08-22;active
100246;116;chequing;32771;2019-12-02;active
100247;116;chequing;11252;2019-04-08;active
100248;117;savings;25036;2025-04-07;active
100249;117;chequing;36936;2019-09-25;active
100250;117;chequing;18688;2023-08-07;active
100251;118;chequing;548;2020-07-25;active
100252;119;savings;23845;2019-11-08;active
100253;119;savings;33614;2019-06-07;active
100254;119;savings;46602;2022-01-23;active
100255;120;chequing;26307;2024-10-18;active
100256;121;savings;29376;2022-05-29;active
100257;122;savings;29161;2024-02-21;active
100258;122;chequing;3548;2024-07-02;active
100259;123;chequing;21465;2018-09-25;active
100260;123;chequing;36996;2024-09-22;active
100261;124;savings;33950;2018-11-02;active
100262;124;savings;42221;2025-06-20;dormant
100263;124;savings;8670;2024-03-14;active
100264;125;savings;46791;2023-10-16;active
100265;125;chequing;27282;2026-01-12;active
100266;125;savings;22737;2024-11-30;active
100267;126;chequing;27328;2024-07-06;active
100268;126;chequing;18640;2020-04-21;active
100269;126;savings;3907;2021-06-11;active
100270;127;savings;4135;2024-12-30;active
100271;127;chequing;20757;2022-08-07;active
100272;128;chequing;24254;2025-01-13;active
100273;129;chequing;14089;2021-09-19;active
100274;130;chequing;35758;2018-01-10;active
100275;131;chequing;46665;2026-03-11;active
100276;131;chequing;19814;2019-07-05;active
100277;131;chequing;6602;2021-07-19;active
100278;132;savings;43576;2018-06-25;dormant
100279;132;chequing;23075;2020-12-20;active
100280;132;chequing;11080;2024-07-31;active
100281;133;chequing;40543;2018-01-27;active
100282;133;chequing;47641;2023-02-13;active
100283;133;savings;32102;2018-08-09;active
100284;134;chequing;32836;2025-07-15;active
100285;135;chequing;42433;2019-06-16;active
100286;135;savings;44017;2019-05-16;dormant
100287;136;chequing;9218;2018-03-18;dormant
100288;137;chequing;13952;2023-02-21;dormant
100289;137;chequing;22939;2019-01-13;dormant
100290;138;savings;45610;2021-05-19;dormant
100291;138;savings;17040;2026-03-03;active
100292;138;chequing;30567;2018-09-14;active
100293;139;savings;12505;2019-05-23;active
100294;139;savings;24090;2022-10-26;active
100295;139;savings;40395;2021-12-30;active
100296;140;savings;24173;2018-12-31;active
100297;140;chequing;5963;2022-02-05;active
100298;140;chequing;35914;2019-04-21;active
100299;141;chequing;43030;2023-12-18;active
100300;141;savings;49913;2019-01-03;active
100301;141;savings;44769;2023-06-19;active
100302;142;savings;3456;2025-05-29;active
100303;142;savings;36043;2026-01-16;active
100304;142;savings;12752;2024-04-11;active
100305;143;chequing;23219;2019-04-18;active
100306;144;chequing;19757;2021-01-31;active
100307;144;chequing;13732;2023-02-25;dormant
100308;144;chequing;14342;2024-09-11;active
100309;145;chequing;28471;2022-03-04;active
100310;146;chequing;31016;2024-06-28;active
100311;147;chequing;26451;2024-02-04;active
100312;147;savings;4860;2022-09-13;active
100313;147;chequing;13594;2018-11-24;active
100314;148;savings;25799;2020-08-17;active
100315;148;savings;39888;2019-05-16;active
100316;149;chequing;19031;2024-05-08;active
100317;149;chequing;46506;2026-01-03;dormant
100318;149;chequing;47665;2023-06-13;active
100319;150;chequing;27350;2021-12-05;active
100320;150;savings;22392;2025-11-11;active
100321;150;chequing;40437;2024-12-17;active
100322;151;savings;3894;2021-04-17;active
100323;151;chequing;35153;2023-06-18;active
100324;151;chequing;28579;2021-01-25;active
100325;152;chequing;9666;2018-07-24;active
100326;152;chequing;12901;2020-11-18;active
100327;152;savings;37911;2018-12-23;active
100328;153;savings;11418;2018-12-25;dormant
100329;154;chequing;21080;2026-02-21;dormant
100330;155;chequing;25797;2024-10-18;active
100331;155;chequing;42456;2024-01-22;active
100332;155;savings;42667;2023-07-25;active
100333;156;savings;26535;2019-09-08;active
100334;156;chequing;13901;2021-07-04;active
100335;157;chequing;3445;2019-09-22;active
100336;157;savings;32798;2018-01-19;active
100337;158;savings;49478;2018-08-08;active
100338;158;chequing;30680;2024-05-10;active
100339;159;chequing;24300;2018-11-14;active
100340;160;chequing;17421;2019-01-30;active
100341;160;chequing;34409;2022-10-09;active
100342;161;chequing;10158;2019-01-23;active
100343;161;chequing;40193;2024-05-07;dormant
100344;162;chequing;7274;2023-04-15;active
100345;162;chequing;6225;2019-06-25;active
100346;162;chequing;28163;2020-01-22;active
100347;163;savings;22556;2024-12-18;active
100348;163;savings;32558;2021-12-16;active
100349;163;chequing;39744;2023-02-14;active
100350;164;savings;16774;2023-01-12;dormant
100351;164;chequing;38669;2020-09-16;active
100352;164;chequing;34855;2022-11-03;active
100353;165;savings;33561;2024-08-15;dormant
100354;165;chequing;765;2021-03-22;active
100355;165;chequing;7329;2024-09-03;active
100356;166;savings;17773;2025-12-13;active
100357;166;savings;10921;2021-01-09;active
100358;167;savings;27739;2024-07-18;active
100359;168;chequing;25570;2019-09-08;active
100360;169;chequing;23598;2020-11-02;active
100361;169;chequing;5070;2021-05-01;active
100362;170;savings;18910;2024-01-22;active
100363;170;chequing;28908;2025-01-29;active
100364;171;chequing;30326;2020-07-07;active
100365;172;savings;38222;2020-03-27;active
100366;172;chequing;2621;2018-08-15;active
100367;173;savings;35696;2019-07-05;active
100368;173;chequing;35446;2024-02-17;active
100369;173;savings;36431;2023-04-12;active
100370;174;savings;35403;2024-04-28;active
100371;174;chequing;12001;2022-07-27;active
100372;175;chequing;20700;2023-05-12;active
100373;176;savings;22281;2019-06-07;active
100374;177;chequing;13099;2018-08-29;active
100375;177;savings;22264;2022-10-23;active
100376;177;chequing;25871;2023-12-06;active
100377;178;chequing;26351;2018-12-21;active
100378;178;chequing;9612;2019-11-04;active
100379;178;savings;4824;2026-01-11;active
100380;179;chequing;34638;2021-03-26;active
100381;179;savings;33184;2022-09-13;active
100382;179;chequing;35148;2019-12-27;active
100383;180;savings;39093;2023-08-23;dormant
100384;180;savings;40000;2025-07-04;active
100385;181;savings;41607;2023-05-16;active
100386;182;savings;31009;2020-03-03;active
100387;183;chequing;30365;2022-03-25;active
100388;183;chequing;11483;2020-03-10;active
100389;183;savings;35420;2023-08-15;active
100390;184;savings;40469;2022-02-12;active
100391;184;savings;30632;2026-03-18;active
100392;185;chequing;29584;2018-05-28;active
100393;186;chequing;37286;2023-06-04;dormant
100394;186;chequing;155;2025-10-22;active
100395;186;chequing;32026;2019-06-15;dormant
100396;187;chequing;6931;2023-10-25;active
100397;187;savings;498;2019-07-12;active
100398;187;chequing;43942;2022-09-10;active
100399;188;chequing;45054;2025-04-17;active
100400;189;chequing;17257;2018-01-05;active
100401;189;savings;35310;2018-04-22;active
100402;189;chequing;45028;2023-02-10;active
100403;190;chequing;34306;2022-06-07;dormant
100404;190;savings;12226;2018-10-15;active
100405;191;chequing;2048;2023-03-26;active
100406;191;savings;12448;2019-12-21;active
100407;191;chequing;18478;2019-03-04;active
100408;192;chequing;8645;2021-06-13;active
100409;192;chequing;13737;2021-12-03;active
100410;192;savings;27117;2023-12-14;dormant
100411;193;chequing;39045;2023-02-24;active
100412;194;savings;23398;2018-03-02;active
100413;194;chequing;41351;2021-03-06;active
100414;195;savings;12780;2018-11-21;active
100415;195;chequing;47532;2022-12-05;active
100416;196;savings;26375;2023-07-01;active
100417;196;savings;23270;2020-01-19;active
100418;197;savings;8736;2025-05-18;active
100419;197;chequing;19848;2022-08-26;active
100420;197;savings;26218;2021-07-24;active
100421;198;savings;37088;2023-08-01;active
100422;198;savings;1524;2021-08-16;active
100423;198;chequing;17030;2020-06-26;active
100424;199;chequing;6629;2018-09-24;active
100425;200;savings;19871;2023-05-15;dormant
100426;200;chequing;26263;2019-01-19;active
100427;200;savings;1548;2021-07-06;active
100428;201;chequing;17163;2021-02-16;active
100429;202;chequing;43178;2024-04-15;active
100430;203;chequing;34145;2024-03-12;dormant
100431;204;chequing;38016;2018-10-13;active
100432;204;savings;40887;2022-06-13;active
100433;204;chequing;6320;2023-10-07;active
100434;205;chequing;24951;2020-06-04;active
100435;205;chequing;35756;2022-11-09;dormant
100436;206;chequing;13251;2025-10-01;dormant
100437;206;savings;41143;2025-05-03;active
100438;207;chequing;16354;2023-11-08;active
100439;208;savings;2553;2019-03-20;active
100440;209;savings;11747;2025-11-17;active
100441;209;chequing;37174;2023-10-06;active
100442;209;chequing;45768;2023-07-01;dormant
100443;210;savings;9197;2018-03-06;active
100444;211;chequing;25956;2020-11-01;active
100445;212;chequing;45905;2018-02-07;active
100446;212;savings;14390;2026-01-29;dormant
100447;212;savings;39288;2021-05-03;active
100448;213;savings;26887;2018-10-21;active
100449;213;chequing;18180;2023-09-20;dormant
100450;213;chequing;27989;2022-02-04;active
100451;214;savings;38244;2018-01-31;active
100452;215;chequing;20216;2023-11-10;active
100453;216;chequing;29982;2025-06-19;active
100454;216;savings;18837;2024-02-04;active
100455;217;chequing;22138;2023-05-03;active
100456;217;savings;25047;2019-12-30;dormant
100457;218;chequing;11886;2019-10-15;active
100458;218;savings;22438;2021-09-28;active
100459;218;savings;16899;2024-08-02;active
100460;219;chequing;36785;2018-09-26;active
100461;219;savings;24055;2021-10-05;active
100462;220;chequing;42665;2025-06-10;active
100463;220;savings;16481;2018-03-26;active
100464;221;savings;48622;2022-12-26;active
100465;221;chequing;4083;2024-07-18;active
100466;222;savings;20726;2024-10-08;active
100467;222;savings;6043;2019-02-19;dormant
100468;222;savings;33908;2020-09-25;active
100469;223;savings;47354;2019-08-02;active
100470;224;chequing;38122;2018-03-26;active
100471;224;chequing;48711;2025-03-21;active
100472;225;savings;43344;2018-01-26;active
100473;226;chequing;28678;2021-09-02;active
100474;227;chequing;49980;2024-09-04;active
100475;227;chequing;42674;2021-07-10;active
100476;227;savings;5051;2019-09-09;dormant
100477;228;chequing;34569;2023-06-27;active
100478;228;chequing;19645;2025-02-11;active
100479;228;chequing;6812;2021-10-27;active
100480;229;savings;8374;2020-04-05;active
100481;230;chequing;45885;2023-11-26;dormant
100482;230;savings;5605;2020-04-26;active
100483;230;chequing;22550;2019-04-17;dormant
100484;231;savings;34551;2025-10-30;active
100485;232;chequing;13737;2024-04-10;active
100486;232;savings;42601;2026-02-28;active
100487;233;savings;4482;2022-03-09;active
100488;233;savings;41102;2021-09-24;active
100489;233;chequing;37010;2025-06-04;active
100490;234;chequing;1449;2023-12-14;active
100491;234;chequing;20697;2021-06-10;active
100492;235;chequing;18231;2023-04-17;dormant
100493;236;chequing;39731;2024-05-16;active
100494;237;chequing;33676;2020-08-02;dormant
100495;237;savings;38479;2021-09-20;active
100496;237;chequing;6568;2024-09-10;active
100497;238;chequing;35511;2022-02-12;active
100498;238;savings;4690;2020-10-19;active
100499;238;chequing;24199;2023-08-30;active
100500;239;savings;1974;2024-09-22;active
100501;239;chequing;32798;2021-07-08;active
100502;239;savings;14732;2023-07-01;active
100503;240;chequing;40821;2023-05-31;active
100504;240;chequing;2396;2022-08-01;active
100505;241;savings;21217;2018-12-27;active
100506;242;savings;5112;2018-07-06;active
100507;242;chequing;32756;2020-05-19;active
100508;242;chequing;43624;2018-06-29;active
100509;243;savings;30617;2022-12-25;active
100510;243;chequing;34160;2019-03-22;active
100511;244;savings;8676;2020-05-09;active
100512;245;savings;31970;2023-10-08;active
100513;245;savings;14296;2024-04-23;active
100514;246;savings;38382;2019-11-23;active
100515;247;savings;40478;2021-06-19;active
100516;247;chequing;35064;2022-02-28;active
100517;247;savings;35404;2019-08-13;active
100518;248;savings;16798;2018-02-20;active
100519;248;savings;39778;2026-02-06;active
100520;249;savings;30200;2026-01-22;active
100521;249;chequing;46943;2024-03-07;active
100522;249;chequing;18962;2018-05-12;active
100523;250;savings;3059;2025-03-26;active
100524;251;chequing;14444;2020-07-18;active
100525;251;savings;16735;2018-07-19;active
100526;252;savings;6048;2022-01-14;active
100527;252;chequing;34376;2019-06-27;active
100528;252;chequing;25586;2025-05-03;active
100529;253;savings;5430;2025-10-20;active
100530;253;savings;48266;2018-10-05;active
100531;253;chequing;44234;2020-04-09;active
100532;254;savings;28869;2023-12-31;active
100533;254;chequing;42365;2018-02-21;active
100534;254;chequing;36384;2022-02-12;active
100535;255;chequing;7794;2022-04-03;active
100536;255;savings;30275;2020-01-31;active
100537;255;chequing;17310;2025-03-29;active
100538;256;chequing;24566;2022-03-03;active
100539;256;chequing;17252;2019-09-13;active
100540;256;savings;43520;2019-01-01;active
100541;257;savings;1494;2019-11-26;active
100542;257;savings;2277;2020-05-05;active
100543;257;chequing;36780;2018-02-15;active
100544;258;chequing;10277;2022-01-14;active
100545;258;chequing;36209;2019-08-11;active
100546;258;chequing;4986;2023-10-17;active
100547;259;chequing;49565;2022-06-05;dormant
100548;259;chequing;27245;2025-09-29;active
100549;259;savings;16350;2022-07-27;active
100550;260;savings;18030;2022-10-07;active
100551;260;savings;37987;2024-01-19;active
100552;261;savings;5248;2019-05-30;active
100553;262;chequing;35404;2020-03-21;active
100554;262;savings;25364;2020-05-28;active
100555;262;savings;38623;2022-07-16;dormant
100556;263;savings;14544;2022-12-22;active
100557;263;chequing;6347;2020-10-06;active
100558;264;chequing;11182;2023-05-06;dormant
100559;265;chequing;30877;2023-08-16;active
100560;265;savings;42008;2022-03-14;dormant
100561;266;chequing;33339;2025-09-13;active
100562;267;savings;14989;2022-08-23;active
100563;267;savings;30920;2021-12-07;active
100564;268;savings;32188;2019-05-10;active
100565;268;savings;45589;2018-11-18;active
100566;269;chequing;2581;2025-08-03;active
100567;270;chequing;944;2021-05-25;active
100568;270;savings;3007;2021-03-11;active
100569;270;savings;18481;2019-12-26;active
100570;271;savings;1946;2019-08-31;dormant
100571;271;savings;48550;2021-10-04;active
100572;272;savings;8127;2024-11-06;active
100573;273;chequing;45364;2019-02-19;active
100574;273;savings;26017;2022-08-09;active
100575;273;chequing;3090;2025-01-18;active
100576;274;savings;14835;2019-04-26;active
100577;274;chequing;20041;2023-02-24;active
100578;275;savings;5247;2023-05-22;dormant
100579;275;chequing;38993;2018-07-03;active
100580;276;savings;3969;2021-02-16;active
100581;276;chequing;13185;2025-08-12;active
100582;276;chequing;4504;2020-02-16;active
100583;277;chequing;14454;2021-09-28;dormant
100584;278;chequing;4142;2026-01-16;active
100585;278;savings;32911;2025-02-03;active
100586;279;savings;26129;2020-08-15;active
100587;279;chequing;45054;2021-08-31;dormant
100588;280;savings;26200;2025-05-30;active
100589;280;chequing;26938;2026-01-29;active
100590;280;savings;21587;2024-12-07;active
100591;281;savings;40988;2024-11-03;active
100592;281;chequing;46405;2019-11-24;active
100593;281;chequing;4417;2024-01-07;active
100594;282;savings;43796;2018-01-25;active
100595;282;savings;16431;2022-03-30;active
100596;282;savings;27512;2021-09-07;active
100597;283;savings;23724;2025-05-29;active
100598;284;chequing;6817;2019-05-26;dormant
100599;284;chequing;37263;2024-06-27;active
100600;284;savings;1280;2021-08-03;active
100601;285;chequing;28165;2018-03-22;active
100602;286;savings;48937;2022-01-02;active
100603;286;chequing;9002;2025-09-29;active
100604;286;savings;18576;2019-02-02;active
100605;287;savings;31558;2023-02-13;active
100606;287;chequing;20710;2025-01-31;active
100607;287;savings;11441;2022-12-19;active
100608;288;savings;7870;2024-07-14;active
100609;288;chequing;35667;2019-09-07;dormant
100610;289;chequing;20302;2020-08-19;active
100611;290;chequing;26604;2025-07-12;active
100612;290;savings;5594;2022-02-07;active
100613;291;savings;39673;2022-05-10;active
100614;291;savings;30466;2020-10-11;active
100615;291;savings;1953;2025-06-14;active
100616;292;savings;5660;2023-07-02;active
100617;292;savings;30383;2025-07-18;active
100618;293;chequing;46679;2020-09-21;active
100619;293;chequing;30418;2023-04-25;dormant
100620;293;savings;34964;2021-10-17;active
100621;294;savings;39839;2023-09-30;active
100622;295;chequing;12608;2018-04-12;active
100623;295;chequing;46226;2023-07-06;active
100624;296;savings;3688;2019-12-13;active
100625;297;chequing;36123;2020-06-24;active
100626;297;chequing;29991;2023-08-13;active
100627;298;savings;46674;2024-04-29;active
100628;299;savings;2369;2019-09-28;active
100629;299;savings;37681;2018-12-16;active
100630;299;savings;41836;2018-01-04;active
100631;300;chequing;34902;2019-02-03;active
100632;300;chequing;10317;2025-03-02;active
100633;301;savings;12735;2018-10-27;dormant
100634;301;chequing;37930;2019-01-03;active
100635;301;chequing;21672;2023-06-08;active
100636;302;chequing;42410;2018-11-11;active
100637;302;chequing;37790;2018-11-19;active
100638;303;chequing;16340;2024-03-12;active
100639;303;savings;37481;2021-10-13;active
100640;304;chequing;5829;2019-09-18;active
100641;304;savings;30338;2025-01-04;active
100642;305;savings;18417;2022-04-29;active
100643;305;savings;44719;2022-02-11;dormant
100644;305;chequing;25599;2022-03-02;active
100645;306;chequing;1009;2018-01-03;active
100646;306;chequing;15415;2024-02-02;active
100647;306;savings;12197;2020-03-30;active
100648;307;chequing;23758;2023-03-18;active
100649;307;savings;47610;2018-07-22;active
100650;307;savings;34532;2023-03-30;active
100651;308;savings;30370;2024-09-13;active
100652;309;chequing;48451;2018-05-29;active
100653;310;savings;33821;2020-11-08;active
100654;310;chequing;30354;2020-02-12;active
100655;311;savings;26915;2023-11-20;active
100656;311;chequing;23044;2023-05-20;active
100657;312;chequing;32069;2024-12-22;active
100658;312;chequing;9975;2025-05-14;active
100659;313;chequing;12077;2022-04-12;active
100660;313;savings;1220;2022-01-17;active
100661;313;chequing;19209;2021-01-09;active
100662;314;savings;29454;2020-05-16;active
100663;314;chequing;18399;2023-12-31;active
100664;315;chequing;4207;2025-01-15;active
100665;316;savings;49146;2024-11-08;active
100666;316;chequing;43604;2019-12-12;active
100667;317;savings;36508;2021-11-21;active
100668;317;chequing;29897;2020-07-10;dormant
100669;318;chequing;25991;2023-04-15;active
100670;318;chequing;12943;2025-04-30;active
100671;319;savings;42122;2023-10-26;active
100672;319;chequing;7838;2025-04-15;active
100673;320;savings;16454;2025-10-29;active
100674;320;savings;13325;2019-05-05;active
100675;321;savings;38664;2025-12-26;active
100676;321;savings;21338;2020-10-16;active
100677;322;chequing;2899;2025-09-20;active
100678;322;savings;47623;2021-02-19;active
100679;323;chequing;2198;2018-07-18;active
100680;323;chequing;20897;2019-11-23;active
100681;323;chequing;9732;2023-01-23;active
100682;324;chequing;49917;2020-02-14;active
100683;325;savings;789;2018-11-18;active
100684;325;chequing;47543;2022-10-09;active
100685;326;savings;25632;2022-11-08;active
100686;326;chequing;20093;2022-03-15;active
100687;327;savings;46651;2020-03-29;dormant
100688;327;chequing;34656;2025-01-27;active
100689;328;savings;30637;2018-06-09;active
100690;329;savings;2759;2024-07-25;active
100691;330;chequing;43327;2020-08-30;active
100692;331;chequing;35253;2023-11-18;dormant
100693;331;savings;8520;2020-07-21;active
100694;331;savings;23216;2020-06-07;active
100695;332;chequing;1387;2023-07-05;active
100696;333;chequing;10341;2026-02-03;active
100697;333;savings;46680;2024-12-23;active
100698;334;savings;33465;2026-01-25;active
100699;334;savings;17512;2021-09-14;active
100700;334;chequing;41801;2019-03-08;active
100701;335;savings;8590;2025-02-25;active
100702;335;savings;18576;2022-12-03;active
100703;335;savings;35314;2025-02-02;active
100704;336;chequing;48714;2020-04-22;active
100705;336;savings;40075;2023-06-01;dormant
100706;337;savings;16412;2022-05-28;dormant
100707;338;savings;5651;2020-06-30;dormant
100708;339;chequing;11111;2019-03-15;active
100709;339;chequing;38957;2022-03-31;dormant
100710;339;chequing;2885;2025-03-11;active
100711;340;savings;14265;2022-01-13;active
100712;341;chequing;44573;2025-01-19;dormant
100713;342;savings;44288;2019-09-26;active
100714;342;savings;9061;2026-01-07;active
100715;342;chequing;32347;2024-09-03;active
100716;343;savings;28718;2019-01-20;active
100717;343;chequing;25754;2025-11-17;active
100718;344;savings;42218;2019-09-16;active
100719;345;savings;8043;2023-06-27;active
100720;345;chequing;40399;2025-12-31;active
100721;346;savings;27894;2023-06-14;active
100722;347;chequing;16765;2020-12-08;active
100723;348;chequing;20640;2023-01-16;active
100724;348;savings;49468;2021-05-06;active
100725;348;savings;18209;2018-03-27;active
100726;349;chequing;22758;2018-03-07;active
100727;349;chequing;47320;2020-12-17;active
100728;350;chequing;41162;2023-11-09;active
100729;351;chequing;46166;2020-07-26;active
100730;352;savings;49319;2018-01-27;active
100731;353;savings;36207;2023-10-24;active
100732;353;chequing;10939;2019-12-18;active
100733;354;chequing;13261;2022-06-21;active
100734;355;savings;27183;2018-11-15;active
100735;356;chequing;19436;2024-12-15;active
100736;356;chequing;41201;2021-11-04;active
100737;356;savings;32097;2024-03-26;active
100738;357;savings;21358;2023-03-07;dormant
100739;357;savings;2000;2022-05-13;active
100740;358;savings;43113;2020-11-28;active
100741;359;chequing;33539;2025-05-19;active
100742;359;savings;44191;2021-07-13;active
100743;360;savings;1924;2019-01-21;active
100744;360;chequing;9292;2019-04-10;active
100745;361;savings;11652;2020-09-18;active
100746;361;savings;15961;2019-12-01;active
100747;362;savings;34312;2024-12-08;active
100748;363;savings;1175;2024-11-28;active
100749;363;savings;49152;2020-07-27;active
100750;363;chequing;45640;2018-04-29;active
100751;364;chequing;35533;2026-02-20;active
100752;364;savings;21037;2019-05-18;active
100753;365;savings;19057;2021-02-20;active
100754;365;chequing;31858;2021-10-06;active
100755;365;chequing;1919;2018-05-26;active
100756;366;chequing;41616;2019-08-12;active
100757;366;savings;24289;2018-10-19;active
100758;367;savings;14765;2025-09-10;active
100759;367;chequing;19906;2024-02-15;active
100760;367;savings;45983;2018-08-05;active
100761;368;chequing;4504;2019-01-15;active
100762;368;chequing;4486;2025-10-17;active
100763;369;chequing;9918;2020-04-20;active
100764;369;savings;38323;2020-11-04;active
100765;369;savings;35829;2023-08-08;active
100766;370;chequing;47396;2021-06-06;active
100767;370;savings;19073;2026-02-12;active
100768;370;savings;18568;2025-01-07;active
100769;371;savings;25977;2021-08-12;active
100770;371;savings;23733;2023-05-29;active
100771;372;savings;46809;2021-11-15;active
100772;372;savings;1273;2018-04-13;active
100773;373;chequing;16790;2019-09-27;active
100774;373;savings;13750;2021-03-23;active
100775;374;chequing;35926;2019-06-20;active
100776;374;chequing;44390;2021-04-23;active
100777;374;chequing;40637;2019-04-19;dormant
100778;375;chequing;1800;2022-05-13;active
100779;376;savings;28253;2018-12-18;active
100780;376;chequing;20316;2018-07-05;active
100781;377;chequing;10247;2019-03-05;active
100782;378;savings;4989;2025-03-17;active
100783;379;chequing;38032;2019-05-10;active
100784;380;savings;17548;2020-02-11;active
100785;381;savings;49919;2024-08-06;active
100786;381;savings;32554;2025-12-25;active
100787;382;savings;10731;2020-12-05;active
100788;383;savings;12049;2021-09-24;active
100789;384;savings;28505;2025-10-25;dormant
100790;384;savings;33949;2025-01-04;active
100791;384;savings;16495;2026-01-02;active
100792;385;savings;38334;2024-10-11;active
100793;385;chequing;21799;2023-03-26;active
100794;386;savings;34693;2024-11-09;dormant
100795;387;savings;20985;2020-04-01;active
100796;388;chequing;49708;2019-11-14;active
100797;389;chequing;22955;2022-03-13;active
100798;389;savings;26647;2018-08-06;active
100799;389;chequing;17521;2022-06-19;active
100800;390;savings;33302;2020-06-24;active
100801;390;savings;26067;2023-10-16;active
100802;390;savings;16691;2025-03-21;active
100803;391;savings;24245;2019-03-20;dormant
100804;391;chequing;38072;2022-09-16;active
100805;391;chequing;45075;2021-11-09;dormant
100806;392;chequing;15736;2020-04-12;active
100807;393;chequing;8029;2020-01-27;active
100808;394;savings;17223;2025-10-28;active
100809;395;savings;38552;2019-02-05;active
100810;396;savings;46132;2020-02-07;active
100811;396;savings;40086;2021-04-06;active
100812;397;chequing;39934;2022-05-14;dormant
100813;397;savings;17847;2018-01-25;active
100814;397;chequing;49601;2022-03-15;active
100815;398;chequing;34476;2023-01-17;active
100816;398;chequing;4055;2024-10-27;active
100817;399;savings;34434;2022-06-03;active
100818;399;savings;37412;2024-02-10;dormant
100819;400;savings;11642;2025-06-28;active
100820;401;chequing;13172;2022-09-06;active
100821;401;chequing;11750;2020-01-20;active
100822;401;chequing;36442;2022-11-05;active
100823;402;chequing;3374;2021-10-31;active
100824;403;chequing;33056;2020-10-30;active
100825;403;savings;23339;2023-01-12;active
100826;404;chequing;44218;2025-07-18;active
100827;404;chequing;5131;2021-04-06;active
100828;405;chequing;37746;2022-11-26;active
100829;405;savings;16472;2019-06-11;active
100830;405;chequing;10688;2025-10-05;dormant
100831;406;chequing;26823;2024-07-22;active
100832;406;savings;49216;2023-09-15;active
100833;406;savings;5853;2022-12-06;active
100834;407;savings;31126;2019-02-02;active
100835;408;savings;35310;2020-07-14;active
100836;408;savings;36104;2021-10-10;active
100837;409;savings;49113;2021-01-31;active
100838;409;savings;44141;2020-01-17;active
100839;410;savings;34223;2024-01-03;dormant
100840;411;savings;991;2022-04-15;active
100841;412;chequing;49973;2020-01-29;active
100842;413;savings;35110;2018-02-08;active
100843;414;chequing;30282;2021-08-02;active
100844;415;savings;20547;2020-02-15;dormant
100845;416;savings;15737;2022-04-12;active
100846;416;savings;48649;2019-08-25;active
100847;416;chequing;34383;2021-04-26;active
100848;417;savings;19557;2025-03-20;active
100849;417;chequing;31925;2020-09-08;active
100850;418;savings;6513;2024-11-17;active
100851;419;chequing;24944;2025-03-14;active
100852;420;savings;16897;2025-11-15;active
100853;420;chequing;44907;2022-04-09;active
100854;420;savings;29663;2019-09-30;active
100855;421;chequing;31416;2018-01-05;dormant
100856;421;savings;46303;2022-04-20;active
100857;421;chequing;14333;2019-11-05;active
100858;422;chequing;462;2018-09-06;active
100859;422;chequing;19434;2024-06-26;active
100860;422;savings;14670;2019-02-12;active
100861;423;savings;15362;2018-06-15;active
100862;423;chequing;27016;2024-07-07;active
100863;423;chequing;19897;2023-10-30;active
100864;424;savings;36944;2024-11-05;active
100865;424;savings;13017;2023-08-30;active
100866;424;chequing;43012;2022-12-26;active
100867;425;chequing;13065;2021-11-04;active
100868;425;chequing;49490;2023-05-05;active
100869;426;savings;34396;2020-07-19;active
100870;426;chequing;44790;2018-02-14;active
100871;426;savings;24149;2018-06-11;active
100872;427;savings;36845;2026-01-19;dormant
100873;427;chequing;20551;2019-06-20;active
100874;428;chequing;24428;2024-08-06;active
100875;429;savings;3261;2021-04-02;dormant
100876;429;chequing;45994;2019-12-16;active
100877;429;chequing;37256;2021-06-14;active
100878;430;chequing;33633;2023-01-11;active
100879;430;chequing;27500;2025-10-15;active
100880;430;chequing;29781;2022-08-06;active
100881;431;savings;37384;2020-12-13;active
100882;431;chequing;25417;2021-11-06;active
100883;432;chequing;14672;2021-09-21;active
100884;433;savings;25771;2025-05-13;dormant
100885;433;chequing;12254;2021-01-07;active
100886;433;savings;32712;2021-05-06;active
100887;434;chequing;49966;2022-12-17;active
100888;435;savings;37466;2020-12-26;dormant
100889;435;savings;31076;2021-02-04;dormant
100890;435;chequing;39255;2020-01-29;active
100891;436;chequing;23147;2019-03-19;active
100892;436;savings;9896;2019-01-28;active
100893;437;chequing;9174;2025-06-07;active
100894;437;chequing;18095;2024-02-03;active
100895;438;chequing;48411;2024-04-17;active
100896;439;chequing;23821;2024-08-02;dormant
100897;439;chequing;21674;2025-08-17;active
100898;440;savings;25359;2019-03-30;active
100899;440;chequing;19830;2021-02-26;dormant
100900;440;savings;16275;2022-01-22;active
100901;441;savings;11660;2018-09-22;active
100902;441;chequing;13901;2024-03-02;active
100903;442;savings;20905;2023-07-28;active
100904;443;savings;16867;2024-12-22;active
100905;444;savings;20138;2023-06-09;active
100906;445;savings;39589;2023-08-28;active
100907;446;savings;31027;2020-05-03;dormant
100908;447;savings;18353;2019-05-28;active
100909;447;savings;38507;2020-05-29;active
100910;447;chequing;30608;2024-01-09;active
100911;448;savings;17654;2023-07-11;active
100912;448;savings;7382;2018-03-05;active
100913;448;chequing;6344;2022-02-08;active
100914;449;chequing;4261;2022-03-02;active
100915;449;chequing;26753;2018-02-08;active
100916;449;savings;24732;2019-12-05;active
100917;450;savings;49967;2025-02-11;active
100918;450;savings;47575;2018-05-16;active
100919;451;chequing;5420;2022-04-01;active
100920;452;chequing;46986;2018-12-22;active
100921;453;savings;37776;2024-03-02;active
100922;453;chequing;47977;2019-01-25;active
100923;454;savings;12694;2023-07-26;active
100924;455;chequing;194;2024-11-18;active
100925;455;savings;24151;2019-04-20;active
100926;456;savings;46936;2018-10-30;active
100927;456;savings;46804;2022-06-27;active
100928;456;savings;43317;2025-04-05;active
100929;457;savings;44813;2026-03-04;active
100930;457;savings;36423;2022-11-26;active
100931;457;savings;23054;2022-03-04;active
100932;458;savings;42827;2018-06-16;dormant
100933;458;chequing;9077;2019-10-01;active
100934;459;chequing;42034;2019-11-13;active
100935;459;savings;39888;2020-07-11;active
100936;459;chequing;20276;2019-05-25;active
100937;460;savings;38332;2021-10-14;active
100938;460;savings;8158;2022-10-01;dormant
100939;461;savings;6273;2020-10-20;active
100940;462;savings;9780;2018-08-10;active
100941;462;savings;49612;2020-07-16;active
100942;462;chequing;10852;2020-08-08;active
100943;463;savings;11224;2020-05-15;active
100944;463;savings;25148;2019-02-22;active
100945;464;savings;35948;2024-04-22;active
100946;464;savings;46362;2022-05-01;active
100947;464;chequing;6498;2024-01-22;active
100948;465;chequing;29654;2022-05-20;active
100949;465;chequing;4555;2022-09-12;active
100950;465;chequing;39207;2021-07-24;active
100951;466;savings;20040;2019-09-30;active
100952;467;savings;41530;2023-12-09;active
100953;467;chequing;39391;2023-01-06;active
100954;468;savings;38857;2018-02-03;active
100955;468;chequing;30858;2019-02-18;active
100956;468;chequing;5761;2023-01-22;dormant
100957;469;chequing;19156;2021-02-16;active
100958;469;chequing;31851;2020-01-21;active
100959;470;savings;6828;2021-05-17;active
100960;471;chequing;34490;2022-07-26;active
100961;471;chequing;32459;2021-02-11;active
100962;472;chequing;3762;2021-10-14;active
100963;472;savings;28054;2020-11-18;active
100964;473;savings;33729;2021-11-26;active
100965;473;chequing;6788;2024-06-03;active
100966;473;savings;4351;2024-08-07;active
100967;474;chequing;42205;2021-09-22;active
100968;474;chequing;14931;2019-02-04;active
100969;475;chequing;24332;2024-12-25;active
100970;476;chequing;21445;2020-02-24;active
100971;476;chequing;36785;2026-02-04;active
100972;476;savings;29636;2025-05-29;active
100973;477;savings;17023;2021-07-27;active
100974;478;savings;1917;2019-04-25;active
100975;478;chequing;6848;2018-07-20;active
100976;479;savings;1759;2018-06-18;active
100977;479;savings;28422;2019-08-21;active
100978;480;savings;31807;2022-02-28;active
100979;480;savings;30603;2021-03-14;active
100980;481;chequing;44884;2022-02-26;active
100981;481;chequing;46669;2021-07-14;active
100982;482;savings;36551;2021-04-06;active
100983;483;chequing;36252;2019-09-12;active
100984;483;chequing;15817;2023-12-04;active
100985;484;chequing;36764;2023-04-14;active
100986;485;chequing;16168;2021-12-15;dormant
100987;485;savings;19212;2021-08-23;active
100988;486;savings;18636;2023-11-12;dormant
100989;487;savings;6125;2022-07-16;active
100990;487;chequing;42314;2025-01-02;active
100991;488;savings;19015;2025-04-13;active
100992;488;savings;16076;2018-06-17;active
100993;489;chequing;5960;2019-05-11;active
100994;490;chequing;21883;2020-11-27;active
100995;491;savings;19623;2022-11-20;active
100996;491;chequing;43582;2018-10-18;active
100997;492;savings;25517;2022-08-30;active
100998;493;savings;21076;2024-05-13;active
100999;493;chequing;33001;2022-06-02;active
101000;493;chequing;10406;2021-08-12;active
101001;494;chequing;4181;2025-08-10;active
101002;494;chequing;25390;2020-10-04;active
101003;495;chequing;43454;2022-06-22;active
101004;496;savings;5989;2020-09-30;active
101005;496;savings;24164;2019-03-31;active
101006;497;savings;44782;2023-06-27;active
101007;497;chequing;28044;2019-02-02;active
101008;497;chequing;14061;2018-09-30;active
101009;498;chequing;13518;2024-11-08;dormant
101010;498;chequing;20676;2022-04-03;active
101011;498;chequing;13878;2021-07-09;active
101012;499;chequing;24004;2019-10-21;active
101013;499;chequing;37682;2024-12-15;active
101014;499;chequing;2157;2022-03-06;active
101015;500;chequing;14537;2023-04-28;active
101016;500;chequing;13902;2025-01-03;dormant
101017;501;chequing;46191;2024-12-12;active
101018;502;chequing;10957;2025-01-09;active
101019;502;chequing;3700;2020-10-01;active
101020;503;chequing;40320;2021-09-04;active
101021;503;savings;16651;2025-09-20;active
101022;503;savings;13961;2019-06-29;active
101023;504;savings;36859;2023-06-11;active
101024;505;chequing;31917;2025-06-09;active
101025;505;savings;48984;2022-02-25;active
101026;505;chequing;22908;2021-03-08;dormant
101027;506;chequing;13693;2018-06-15;active
101028;506;savings;40683;2025-10-27;active
101029;507;savings;7219;2024-11-13;active
101030;507;chequing;21715;2019-11-10;active
101031;507;chequing;49499;2022-10-05;active
101032;508;chequing;43675;2020-06-02;active
101033;508;savings;49651;2021-12-12;active
101034;509;savings;48269;2023-11-07;active
101035;509;chequing;42025;2024-12-14;active
101036;509;savings;49342;2021-07-24;active
101037;510;chequing;19705;2018-12-21;active
101038;510;savings;14497;2021-04-16;active
101039;511;savings;8616;2018-05-02;active
101040;511;chequing;40547;2018-01-02;active
101041;512;chequing;14754;2023-11-10;active
101042;513;chequing;34949;2018-10-20;active
101043;513;savings;11500;2024-04-25;dormant
101044;514;savings;22759;2019-05-30;dormant
101045;515;chequing;38546;2021-11-28;active
101046;515;chequing;47402;2022-11-16;active
101047;515;savings;18375;2020-01-08;active
101048;516;chequing;3658;2023-06-14;active
101049;517;chequing;30690;2026-01-28;active
101050;517;chequing;35231;2025-12-20;active
101051;518;chequing;45540;2024-04-04;active
101052;518;chequing;7645;2025-09-25;active
101053;519;savings;5380;2022-04-30;active
101054;519;savings;41484;2021-06-05;dormant
101055;520;savings;47518;2020-08-09;active
101056;520;savings;20241;2019-09-27;dormant
101057;521;chequing;41959;2018-03-13;active
101058;522;savings;23788;2018-08-25;active
101059;523;savings;19664;2025-02-25;dormant
101060;523;chequing;32266;2020-06-30;active
101061;523;chequing;31852;2022-02-26;active
101062;524;savings;37489;2025-11-10;active
101063;525;savings;30502;2019-02-25;active
101064;525;chequing;5387;2022-12-02;dormant
101065;525;chequing;4978;2025-12-12;active
101066;526;chequing;41332;2023-01-04;active
101067;526;savings;27082;2024-07-26;active
101068;527;savings;29922;2018-08-05;active
101069;527;chequing;44991;2021-05-25;active
101070;527;savings;6571;2025-07-31;active
101071;528;savings;5245;2021-09-11;active
101072;528;savings;21409;2021-11-27;active
101073;529;chequing;38091;2020-11-11;active
101074;529;chequing;26317;2023-11-11;active
101075;530;chequing;36855;2019-08-12;active
101076;531;savings;45567;2021-08-24;active
101077;532;savings;25309;2024-02-27;active
101078;532;chequing;17114;2025-03-17;active
101079;533;chequing;10541;2019-09-03;active
101080;534;chequing;43047;2019-12-21;active
101081;534;savings;32147;2024-04-27;active
101082;535;chequing;39888;2020-12-20;active
101083;536;chequing;44316;2024-02-20;active
101084;536;chequing;40886;2021-09-18;active
101085;536;chequing;47602;2022-07-21;active
101086;537;chequing;3802;2019-08-01;active
101087;537;savings;18415;2020-07-10;dormant
101088;537;savings;20536;2024-07-29;active
101089;538;savings;1572;2019-04-03;active
101090;538;chequing;154;2026-01-29;active
101091;539;chequing;6301;2023-09-24;active
101092;540;chequing;26657;2019-09-27;active
101093;540;chequing;35763;2025-07-28;active
101094;541;savings;35622;2023-02-16;dormant
101095;541;chequing;35345;2023-10-25;active
101096;542;chequing;482;2023-11-04;active
101097;542;chequing;47996;2021-12-30;active
101098;542;savings;38345;2024-08-06;active
101099;543;chequing;5875;2021-04-04;dormant
101100;543;chequing;20376;2020-10-25;active
101101;543;savings;4764;2020-03-03;active
101102;544;chequing;5996;2021-03-09;active
101103;545;savings;49103;2021-02-03;dormant
101104;545;savings;5691;2018-09-08;active
101105;545;chequing;9333;2020-02-27;active
101106;546;savings;29089;2026-03-10;active
101107;547;chequing;43579;2021-05-12;active
101108;547;savings;15641;2019-09-05;dormant
101109;547;savings;3626;2018-10-08;active
101110;548;savings;46807;2024-11-24;active
101111;548;chequing;2413;2018-10-17;active
101112;549;savings;47829;2019-09-04;active
101113;549;savings;43130;2020-01-18;active
101114;549;savings;12077;2024-06-29;active
101115;550;chequing;8854;2025-02-19;active
101116;550;savings;2783;2024-09-27;active
101117;550;chequing;10821;2019-12-14;active
101118;551;chequing;17776;2019-12-10;active
101119;551;chequing;6568;2020-09-16;active
101120;552;chequing;1743;2018-06-26;active
101121;553;savings;29207;2023-07-25;active
101122;553;savings;16973;2019-10-15;active
101123;554;chequing;22562;2018-08-25;active
101124;555;savings;38454;2023-09-26;active
101125;555;chequing;42878;2023-08-30;active
101126;556;chequing;24001;2023-10-14;active
101127;556;savings;36339;2018-01-02;dormant
101128;557;chequing;3421;2023-01-03;active
101129;557;chequing;11552;2020-05-20;active
101130;558;chequing;17148;2019-12-30;active
101131;559;chequing;40306;2024-10-24;active
101132;560;chequing;24758;2025-02-16;active
101133;561;savings;38599;2019-06-07;active
101134;561;chequing;41005;2024-02-24;active
101135;561;chequing;32148;2023-01-02;active
101136;562;chequing;22835;2020-12-06;active
101137;563;chequing;15273;2019-05-16;active
101138;563;savings;29100;2018-06-23;active
101139;564;savings;27631;2023-07-26;active
101140;564;savings;47133;2025-03-18;active
101141;565;chequing;4559;2021-10-15;active
101142;566;savings;33236;2024-12-11;active
101143;566;chequing;40339;2019-04-18;active
101144;567;chequing;36820;2025-10-02;active
101145;568;savings;9895;2022-07-03;active
101146;569;chequing;11617;2024-02-11;active
101147;570;chequing;5666;2019-11-13;active
101148;571;savings;39477;2021-10-08;active
101149;571;chequing;27666;2018-05-10;active
101150;571;chequing;33091;2020-03-29;active
101151;572;savings;24875;2018-09-15;active
101152;572;chequing;15230;2022-07-29;active
101153;573;savings;47369;2019-03-21;active
101154;573;savings;49473;2021-10-20;active
101155;574;savings;48409;2022-05-07;active
101156;574;savings;3537;2018-10-09;active
101157;574;savings;32390;2019-09-01;active
101158;575;savings;22384;2026-01-27;active
101159;575;chequing;36779;2021-10-22;active
101160;576;chequing;26576;2021-10-11;active
101161;576;chequing;13640;2020-10-14;active
101162;577;chequing;30255;2023-02-13;active
101163;577;savings;33386;2018-09-26;active
101164;577;savings;43633;2021-03-20;active
101165;578;savings;25642;2022-06-30;active
101166;578;chequing;38267;2026-02-24;active
101167;579;chequing;11371;2018-12-04;active
101168;580;chequing;31638;2018-11-28;active
101169;581;savings;25604;2022-03-21;active
101170;581;chequing;568;2021-07-24;active
101171;581;savings;18029;2018-03-19;dormant
101172;582;chequing;48561;2022-06-17;active
101173;583;savings;48049;2024-05-15;active
101174;583;savings;5009;2021-05-23;active
101175;584;savings;11723;2020-02-08;active
101176;584;chequing;19437;2019-12-10;active
101177;585;chequing;34290;2019-12-03;active
101178;586;savings;27302;2021-10-24;active
101179;586;savings;38687;2024-03-04;dormant
101180;586;chequing;43576;2018-01-02;active
101181;587;chequing;46692;2019-01-30;active
101182;587;chequing;36693;2019-09-05;active
101183;587;chequing;45938;2025-04-12;active
101184;588;chequing;29994;2021-12-10;active
101185;588;chequing;48098;2021-05-31;active
101186;589;savings;49120;2019-11-03;active
101187;590;savings;5452;2023-04-05;active
101188;590;savings;37113;2021-03-27;active
101189;591;chequing;43972;2020-09-22;active
101190;591;chequing;15353;2021-12-27;active
101191;591;chequing;36643;2023-11-09;dormant
101192;592;savings;28161;2024-07-07;active
101193;593;chequing;33692;2025-05-30;active
101194;593;chequing;10059;2019-04-24;active
101195;594;savings;33242;2023-12-10;dormant
101196;595;chequing;1028;2018-04-13;active
101197;596;savings;26788;2021-03-22;active
101198;596;savings;44162;2018-10-20;active
101199;596;chequing;5860;2023-08-04;active
101200;597;savings;3300;2022-02-05;active
101201;598;savings;44396;2019-04-05;dormant
101202;598;chequing;42767;2024-10-27;active
101203;599;chequing;23150;2022-07-26;dormant
101204;600;chequing;24108;2024-11-20;active
101205;600;chequing;17300;2023-11-23;active
101206;600;savings;45948;2021-06-06;active
101207;601;savings;40135;2020-12-27;active
101208;602;chequing;11508;2020-05-15;active
101209;603;chequing;4244;2020-06-21;active
101210;604;chequing;34231;2020-12-21;active
101211;604;savings;9474;2018-04-26;active
101212;605;chequing;30878;2018-08-28;active
101213;605;savings;43382;2019-08-09;active
101214;606;chequing;34661;2020-10-16;active
101215;607;chequing;4192;2020-05-05;active
101216;607;chequing;5251;2023-07-26;dormant
101217;607;savings;43459;2018-01-19;active
101218;608;savings;30989;2021-08-20;dormant
101219;609;savings;34469;2020-06-24;active
101220;609;savings;42521;2026-02-16;active
101221;609;savings;34147;2019-02-06;active
101222;610;savings;18087;2021-11-03;active
101223;610;savings;37738;2025-10-21;active
101224;611;chequing;39715;2019-03-16;active
101225;612;chequing;37694;2020-02-24;active
101226;612;chequing;17572;2025-07-18;active
101227;612;chequing;36826;2023-01-24;active
101228;613;chequing;24253;2024-10-10;active
101229;613;chequing;6471;2025-12-29;active
101230;613;chequing;32939;2018-12-14;active
101231;614;chequing;24414;2023-12-13;active
101232;614;chequing;26495;2020-01-21;active
101233;615;chequing;23861;2018-09-01;active
101234;616;chequing;10909;2019-04-22;active
101235;616;chequing;38583;2024-02-11;active
101236;616;savings;39075;2019-12-21;active
101237;617;chequing;13110;2024-11-16;dormant
101238;618;savings;9540;2022-03-08;active
101239;618;savings;32220;2022-07-08;dormant
101240;618;chequing;25391;2018-12-11;active
101241;619;chequing;12722;2018-12-21;active
101242;620;chequing;29922;2024-05-01;active
101243;620;chequing;31101;2025-01-04;active
101244;620;chequing;46425;2022-05-18;active
101245;621;chequing;15488;2019-03-30;active
101246;621;savings;5574;2025-08-17;active
101247;621;chequing;49187;2023-11-14;active
101248;622;savings;16828;2023-07-05;active
101249;622;savings;41723;2020-01-23;active
101250;622;savings;9005;2020-05-15;active
101251;623;chequing;36916;2022-03-03;active
101252;624;savings;1640;2024-07-25;active
101253;624;chequing;34795;2022-08-19;active
101254;624;chequing;32338;2018-04-24;active
101255;625;chequing;18238;2025-09-24;active
101256;625;savings;39550;2025-08-09;dormant
101257;626;savings;19979;2025-12-29;active
101258;627;chequing;15119;2023-08-30;active
101259;627;savings;38560;2022-02-16;active
101260;627;chequing;42504;2023-11-01;active
101261;628;chequing;18685;2023-12-25;active
101262;628;chequing;18803;2020-12-27;active
101263;628;chequing;34793;2025-10-14;active
101264;629;chequing;23148;2018-03-19;active
101265;630;chequing;45166;2020-11-23;active
101266;631;savings;24842;2021-11-28;active
101267;631;savings;30188;2019-02-16;active
101268;631;savings;37378;2019-01-30;active
101269;632;savings;16369;2022-07-12;active
101270;632;savings;15164;2024-04-04;active
101271;633;chequing;27699;2022-04-23;active
101272;634;chequing;23336;2024-06-23;active
101273;634;chequing;43028;2018-01-03;dormant
101274;634;chequing;37377;2021-01-18;active
101275;635;chequing;37314;2023-02-06;active
101276;635;chequing;6115;2023-08-05;active
101277;636;savings;43510;2024-12-01;dormant
101278;637;chequing;3674;2021-10-22;active
101279;637;chequing;10311;2021-06-15;active
101280;638;savings;5909;2021-12-22;active
101281;638;chequing;29686;2025-01-24;active
101282;639;savings;47343;2021-07-19;active
101283;639;chequing;21657;2020-11-15;active
101284;639;chequing;11580;2023-06-04;active
101285;640;chequing;28103;2021-11-22;dormant
101286;641;savings;48231;2019-01-17;active
101287;641;savings;44578;2023-07-18;active
101288;642;chequing;48369;2024-09-03;active
101289;642;chequing;20435;2019-03-30;active
101290;643;chequing;48258;2019-07-10;active
101291;643;savings;41148;2025-11-12;active
101292;643;chequing;2392;2025-03-29;active
101293;644;chequing;48477;2024-09-28;dormant
101294;644;savings;26561;2024-11-06;active
101295;645;chequing;9586;2025-12-10;active
101296;645;chequing;14818;2019-10-07;active
101297;646;savings;3651;2018-06-22;active
101298;646;savings;29029;2022-07-08;active
101299;646;chequing;34710;2020-06-04;active
101300;647;chequing;28876;2022-09-27;dormant
101301;647;savings;2551;2019-03-12;dormant
101302;648;chequing;22335;2021-12-06;active
101303;648;chequing;41064;2018-05-09;active
101304;648;savings;6209;2024-01-15;active
101305;649;savings;16018;2021-08-05;active
101306;649;chequing;20233;2022-01-28;active
101307;650;chequing;31366;2018-03-15;active
101308;651;chequing;49503;2020-10-22;active
101309;652;savings;20556;2019-11-08;active
101310;652;savings;39520;2018-10-11;active
101311;652;chequing;16769;2020-02-02;active
101312;653;savings;20358;2018-09-02;active
101313;653;savings;2551;2019-10-25;active
101314;653;chequing;33929;2023-08-30;active
101315;654;savings;43091;2020-10-10;dormant
101316;655;chequing;15149;2022-11-25;dormant
101317;655;savings;40020;2020-11-17;active
101318;656;chequing;8802;2022-10-03;active
101319;657;chequing;35509;2023-03-16;active
101320;657;chequing;10067;2021-12-20;dormant
101321;657;savings;11915;2020-11-04;active
101322;658;chequing;14261;2018-09-19;active
101323;658;chequing;39003;2021-12-04;active
101324;658;chequing;18174;2019-05-17;active
101325;659;chequing;21833;2019-11-23;active
101326;660;savings;25147;2022-04-09;dormant
101327;660;savings;27042;2020-05-12;active
101328;661;chequing;41658;2020-06-03;active
101329;662;savings;30263;2021-04-29;active
101330;662;chequing;24723;2019-01-04;active
101331;663;chequing;39167;2023-09-11;active
101332;663;savings;19564;2019-08-04;active
101333;664;savings;27246;2021-05-08;active
101334;664;savings;44198;2023-12-03;active
101335;665;savings;32050;2026-03-08;active
101336;665;chequing;10642;2023-10-21;active
101337;665;chequing;19525;2025-04-17;active
101338;666;savings;22693;2020-11-05;dormant
101339;666;chequing;17140;2023-05-23;active
101340;667;savings;11646;2021-12-02;active
101341;667;chequing;20576;2025-05-09;active
101342;668;chequing;38161;2024-04-05;active
101343;668;chequing;34474;2018-08-25;active
101344;669;chequing;43115;2018-08-25;active
101345;669;savings;41016;2020-11-24;active
101346;670;savings;19933;2026-02-24;active
101347;670;chequing;15772;2024-05-18;active
101348;670;savings;48139;2023-10-11;active
101349;671;savings;49512;2020-01-12;active
101350;671;savings;37847;2021-08-03;active
101351;671;savings;32804;2019-08-12;active
101352;672;chequing;48251;2021-01-08;active
101353;672;savings;20927;2023-03-14;active
101354;672;savings;36944;2020-04-01;active
101355;673;chequing;14983;2026-02-01;active
101356;674;chequing;10800;2019-03-18;dormant
101357;675;savings;16131;2021-01-02;active
101358;675;chequing;26541;2025-02-26;active
101359;675;savings;45640;2018-11-04;active
101360;676;chequing;7043;2021-12-12;active
101361;676;chequing;37783;2021-08-16;active
101362;676;savings;20995;2024-04-07;active
101363;677;savings;44206;2018-05-03;active
101364;677;chequing;12829;2022-07-10;active
101365;677;chequing;3442;2020-10-04;dormant
101366;678;chequing;40887;2019-02-28;active
101367;678;savings;21828;2023-08-16;active
101368;679;chequing;5966;2019-03-06;active
101369;679;savings;36788;2021-02-16;active
101370;679;savings;13343;2018-03-12;active
101371;680;chequing;49268;2023-01-27;active
101372;680;savings;15488;2024-05-26;active
101373;680;chequing;25420;2019-11-05;active
101374;681;savings;32914;2023-08-19;active
101375;682;chequing;24544;2024-04-28;active
101376;682;chequing;13531;2020-11-20;active
101377;683;chequing;28624;2023-01-03;active
101378;683;chequing;10349;2022-02-15;active
101379;684;chequing;35546;2023-11-15;active
101380;684;chequing;19669;2020-04-06;dormant
101381;685;chequing;326;2024-03-28;active
101382;685;savings;10013;2018-05-14;active
101383;685;chequing;13710;2018-09-21;active
101384;686;savings;44198;2024-01-26;active
101385;686;chequing;22386;2026-01-02;active
101386;686;chequing;16874;2020-02-16;active
101387;687;savings;46208;2020-11-25;active
101388;687;chequing;26309;2022-10-28;active
101389;687;savings;47829;2025-09-24;active
101390;688;chequing;8705;2024-01-05;dormant
101391;688;savings;6233;2021-05-18;active
101392;689;chequing;11595;2021-11-26;active
101393;690;chequing;40874;2023-11-03;active
101394;690;chequing;45712;2021-06-12;active
101395;691;savings;1042;2023-04-24;dormant
101396;692;chequing;15957;2020-10-10;active
101397;692;chequing;21356;2018-01-24;active
101398;693;chequing;1769;2022-06-05;active
101399;694;savings;30238;2026-03-09;active
101400;695;chequing;4266;2026-03-08;active
101401;695;savings;1941;2024-10-24;active
101402;696;chequing;5712;2022-07-23;dormant
101403;696;savings;28079;2020-05-07;active
101404;696;savings;11989;2025-09-14;active
101405;697;chequing;18389;2024-10-24;active
101406;698;chequing;27290;2023-10-10;active
101407;698;chequing;43854;2024-07-20;active
101408;698;savings;31634;2020-05-17;active
101409;699;chequing;45101;2024-04-21;active
101410;700;savings;3572;2023-05-28;active
101411;701;chequing;34536;2020-04-01;active
101412;701;chequing;2213;2018-07-13;active
101413;702;chequing;13339;2018-02-20;active
101414;702;savings;34555;2025-08-01;active
101415;703;savings;2698;2024-02-12;active
101416;704;chequing;19540;2021-07-10;active
101417;705;chequing;5213;2020-05-22;active
101418;705;savings;44902;2021-01-11;active
101419;705;savings;34663;2019-08-28;active
101420;706;chequing;26754;2022-05-29;active
101421;706;chequing;28082;2023-01-03;active
101422;706;savings;7346;2022-11-08;active
101423;707;chequing;17254;2023-09-30;active
101424;707;chequing;11221;2025-02-19;dormant
101425;707;chequing;38954;2021-08-05;dormant
101426;708;chequing;1703;2022-07-25;active
101427;708;chequing;8302;2021-06-19;active
101428;709;chequing;39724;2026-01-19;active
101429;710;chequing;37108;2022-04-30;active
101430;711;savings;28015;2021-01-05;active
101431;711;chequing;13893;2019-06-04;active
101432;712;savings;4140;2018-01-31;active
101433;712;savings;26573;2024-03-14;active
101434;712;savings;17120;2023-09-20;active
101435;713;savings;20589;2019-03-13;dormant
101436;713;chequing;37286;2019-08-16;active
101437;714;chequing;32548;2018-12-02;active
101438;714;savings;34697;2018-07-15;dormant
101439;714;chequing;14467;2022-01-15;dormant
101440;715;chequing;19867;2018-04-27;active
101441;715;savings;16286;2020-11-06;active
101442;716;chequing;43971;2018-09-21;active
101443;716;chequing;40613;2019-04-08;active
101444;716;chequing;7940;2018-12-04;active
101445;717;chequing;2045;2018-08-07;active
101446;717;chequing;27024;2021-01-17;active
101447;717;chequing;21017;2020-07-28;active
101448;718;savings;4361;2025-09-26;active
101449;718;savings;7134;2020-04-30;active
101450;718;savings;48068;2018-04-12;active
101451;719;savings;23274;2019-02-05;active
101452;719;savings;42232;2022-06-11;active
101453;720;chequing;15260;2021-10-28;active
101454;720;savings;39195;2019-12-23;active
101455;721;savings;29793;2020-01-13;active
101456;721;savings;20743;2022-03-02;active
101457;721;chequing;18102;2020-05-12;active
101458;722;chequing;33007;2023-06-17;active
101459;723;savings;44084;2023-11-21;active
101460;723;savings;48340;2024-06-23;active
101461;724;chequing;19977;2024-06-20;active
101462;725;savings;422;2023-05-12;active
101463;725;chequing;40371;2020-11-30;active
101464;725;savings;28927;2022-01-05;active
101465;726;savings;12440;2021-02-12;active
101466;726;savings;24700;2018-12-25;active
101467;726;chequing;11790;2025-03-04;active
101468;727;chequing;25559;2024-07-28;active
101469;727;savings;14535;2018-10-14;active
101470;727;chequing;15101;2020-03-05;dormant
101471;728;chequing;33685;2020-02-12;active
101472;729;savings;11519;2019-04-17;active
101473;729;savings;45914;2024-11-25;active
101474;729;savings;22219;2020-03-11;active
101475;730;chequing;14931;2025-04-13;active
101476;731;chequing;8987;2019-02-15;dormant
101477;731;chequing;37909;2018-12-30;active
101478;731;chequing;9104;2021-08-18;active
101479;732;savings;5084;2019-05-07;active
101480;732;chequing;25728;2019-11-15;active
101481;732;chequing;9917;2018-06-24;active
101482;733;savings;8671;2020-09-22;active
101483;733;savings;20838;2025-03-05;active
101484;733;chequing;36132;2024-09-17;active
101485;734;chequing;3078;2024-12-20;active
101486;734;savings;37485;2018-04-19;active
101487;735;chequing;20023;2021-07-21;active
101488;735;savings;1982;2021-04-19;active
101489;735;savings;14990;2025-10-28;active
101490;736;chequing;14067;2023-10-01;active
101491;736;savings;7038;2025-08-07;active
101492;736;chequing;41909;2024-10-14;dormant
101493;737;chequing;5327;2024-07-21;active
101494;738;chequing;7387;2025-06-15;active
101495;739;savings;18979;2019-02-15;active
101496;739;savings;45011;2020-11-10;dormant
101497;740;chequing;20706;2021-03-07;active
101498;740;savings;10274;2018-04-28;active
101499;741;savings;278;2019-08-06;active
101500;742;savings;23958;2020-11-20;active
101501;742;savings;47824;2025-08-29;active
101502;742;chequing;46668;2022-08-16;active
101503;743;savings;685;2021-08-01;active
101504;743;savings;13937;2022-08-07;active
101505;744;chequing;38773;2025-12-18;active
101506;744;savings;5208;2020-02-21;active
101507;744;savings;49780;2023-12-02;active
101508;745;savings;26993;2018-02-16;dormant
101509;745;chequing;48083;2022-01-01;active
101510;746;chequing;24555;2020-07-09;active
101511;746;chequing;31800;2019-01-21;active
101512;747;chequing;17676;2020-02-01;active
101513;748;savings;5600;2024-03-06;active
101514;748;chequing;28111;2018-03-20;active
101515;748;chequing;37527;2025-01-06;active
101516;749;chequing;24343;2025-11-28;dormant
101517;749;chequing;29873;2023-12-23;active
101518;750;chequing;18138;2020-03-01;active
101519;750;savings;35713;2021-12-17;active
101520;750;savings;5561;2026-03-14;active
101521;751;chequing;30431;2019-06-18;active
101522;752;chequing;49783;2025-07-19;active
101523;753;savings;25039;2023-12-04;active
101524;753;chequing;30987;2020-10-20;active
101525;753;savings;6528;2021-07-22;active
101526;754;chequing;44899;2019-11-18;active
101527;755;chequing;30777;2024-04-21;active
101528;756;savings;23621;2026-01-20;dormant
101529;756;chequing;20328;2022-09-05;active
101530;756;savings;11438;2018-07-19;active
101531;757;chequing;27101;2020-03-09;active
101532;757;chequing;24910;2024-12-24;active
101533;757;chequing;23214;2020-12-09;active
101534;758;chequing;34316;2024-03-28;active
101535;759;savings;5467;2021-01-28;active
101536;760;savings;20483;2019-02-16;active
101537;760;chequing;21321;2020-03-24;active
101538;761;chequing;11965;2019-08-15;dormant
101539;761;chequing;13860;2020-07-09;active
101540;762;chequing;4472;2022-02-26;active
101541;762;chequing;4388;2021-05-28;active
101542;763;savings;28107;2018-10-24;active
101543;764;savings;330;2020-02-04;active
101544;765;savings;42438;2025-03-31;active
101545;765;savings;16331;2021-07-14;active
101546;766;savings;46033;2021-12-08;active
101547;766;savings;12640;2024-02-29;active
101548;766;chequing;17728;2025-12-22;active
101549;767;savings;32982;2020-03-15;active
101550;767;savings;31985;2020-02-10;active
101551;767;chequing;38635;2024-03-21;active
101552;768;chequing;44387;2026-03-08;active
101553;768;chequing;27469;2020-05-30;active
101554;769;chequing;12633;2018-02-27;active
101555;769;chequing;48991;2023-07-28;active
101556;770;chequing;28073;2023-04-15;active
101557;770;savings;46227;2021-12-13;active
101558;770;savings;13567;2019-05-14;active
101559;771;savings;13178;2024-03-30;active
101560;771;chequing;41896;2023-04-18;active
101561;772;chequing;35309;2024-04-21;active
101562;772;chequing;18094;2021-08-28;active
101563;772;chequing;16803;2019-04-08;active
101564;773;savings;4459;2025-01-18;active
101565;773;savings;16236;2025-02-15;active
101566;773;savings;12349;2026-03-17;active
101567;774;chequing;33174;2023-01-16;active
101568;774;savings;19237;2019-05-04;active
101569;775;chequing;48084;2021-05-09;dormant
101570;775;savings;17511;2022-04-17;dormant
101571;776;savings;21432;2025-04-19;active
101572;777;chequing;47132;2022-08-12;active
101573;777;savings;30498;2024-02-21;active
101574;777;savings;6978;2018-01-31;active
101575;778;savings;9679;2023-01-19;dormant
101576;778;chequing;12373;2023-12-24;active
101577;778;savings;12315;2024-04-29;active
101578;779;savings;17642;2019-06-11;active
101579;780;chequing;13949;2020-10-21;active
101580;780;savings;35144;2022-09-24;active
101581;780;savings;31985;2018-09-08;active
101582;781;savings;7713;2023-01-18;dormant
101583;781;savings;3402;2026-03-20;active
101584;782;chequing;49414;2023-06-02;active
101585;782;chequing;3474;2019-11-06;active
101586;782;savings;43183;2019-05-29;active
101587;783;chequing;45693;2024-10-23;active
101588;784;chequing;46556;2018-05-25;active
101589;784;savings;43158;2023-07-07;dormant
101590;785;savings;33478;2023-09-12;dormant
101591;785;savings;34499;2024-01-09;active
101592;786;savings;6768;2018-01-03;active
101593;786;savings;2474;2022-06-21;active
101594;786;savings;44403;2020-09-03;active
101595;787;chequing;9764;2022-09-23;active
101596;787;chequing;27804;2022-03-27;active
101597;788;chequing;32679;2019-11-23;active
101598;788;chequing;42629;2019-12-22;active
101599;788;savings;10246;2019-10-21;active
101600;789;savings;27267;2018-06-23;active
101601;789;chequing;33325;2020-06-06;active
101602;789;chequing;33665;2020-03-24;active
101603;790;chequing;26260;2024-01-21;active
101604;790;chequing;45821;2022-12-23;active
101605;790;savings;26561;2020-01-05;active
101606;791;savings;41931;2022-11-16;active
101607;791;savings;7086;2021-09-19;active
101608;792;chequing;42644;2024-11-07;active
101609;792;chequing;31798;2021-05-27;active
101610;792;savings;38887;2020-03-11;active
101611;793;chequing;18747;2024-04-19;active
101612;793;savings;4002;2021-11-26;active
101613;794;chequing;35920;2020-10-06;active
101614;794;savings;21589;2021-03-31;dormant
101615;794;savings;29596;2023-07-21;active
101616;795;savings;24632;2025-11-09;active
101617;795;savings;38596;2020-01-21;active
101618;796;chequing;2817;2021-07-30;active
101619;796;chequing;47899;2023-02-25;active
101620;797;savings;1096;2025-12-31;active
101621;797;savings;1550;2020-05-19;active
101622;798;savings;45993;2026-01-11;active
101623;798;savings;28834;2024-05-15;active
101624;798;chequing;1189;2021-05-28;active
101625;799;chequing;39942;2025-06-26;active
101626;799;chequing;8928;2024-08-20;active
101627;799;chequing;7815;2021-03-03;active
101628;800;savings;37648;2025-12-29;active
101629;800;chequing;4317;2023-02-09;active
101630;800;chequing;42604;2025-02-21;active
101631;801;savings;41903;2023-11-15;active
101632;801;savings;36278;2025-10-20;active
101633;801;savings;42382;2022-01-29;active
101634;802;chequing;22300;2018-12-10;dormant
101635;803;chequing;14732;2023-05-16;active
101636;803;chequing;14610;2018-09-23;active
101637;804;savings;31810;2023-04-07;active
101638;805;chequing;8583;2022-11-23;active
101639;806;chequing;23030;2018-12-11;active
101640;806;savings;10700;2024-01-08;dormant
101641;806;savings;44187;2022-02-09;active
101642;807;savings;26754;2021-05-02;active
101643;807;chequing;22941;2018-04-03;active
101644;807;chequing;35962;2021-09-16;active
101645;808;savings;47795;2023-05-08;active
101646;808;savings;48498;2022-04-30;active
101647;808;chequing;18119;2025-10-17;active
101648;809;savings;22980;2022-01-13;active
101649;809;savings;38504;2020-09-20;dormant
101650;809;chequing;14046;2021-11-20;active
101651;810;savings;36302;2022-12-06;active
101652;810;savings;2981;2021-09-25;active
101653;811;chequing;28639;2025-03-01;active
101654;811;chequing;14672;2019-01-19;active
101655;811;chequing;4828;2020-05-25;active
101656;812;chequing;46608;2018-06-06;active
101657;812;savings;6378;2021-09-06;active
101658;813;savings;36016;2024-07-25;active
101659;814;chequing;7934;2024-10-26;active
101660;814;chequing;43475;2020-03-25;active
101661;814;savings;8569;2020-07-28;active
101662;815;savings;12470;2023-12-11;active
101663;815;savings;25473;2023-01-04;active
101664;815;savings;6027;2023-05-09;active
101665;816;savings;27476;2020-02-15;active
101666;816;savings;10043;2025-11-13;active
101667;817;chequing;24893;2022-10-10;active
101668;818;savings;10447;2024-11-23;active
101669;818;chequing;1380;2025-07-19;active
101670;819;savings;7443;2023-06-29;active
101671;819;chequing;5572;2022-10-21;active
101672;819;chequing;48777;2019-04-20;active
101673;820;savings;46216;2019-11-08;active
101674;820;chequing;30598;2024-12-31;active
101675;821;chequing;10491;2022-02-25;active
101676;822;chequing;32789;2023-04-20;active
101677;823;chequing;19988;2024-11-05;active
101678;824;savings;41686;2023-02-08;active
101679;824;savings;14099;2022-11-20;active
101680;824;savings;28993;2021-03-01;active
101681;825;savings;47359;2022-11-18;active
101682;825;chequing;43430;2024-08-18;active
101683;826;savings;21334;2021-09-21;active
101684;826;chequing;8160;2018-09-27;dormant
101685;826;savings;49440;2025-01-27;active
101686;827;savings;3689;2019-05-02;active
101687;827;savings;7429;2022-01-09;active
101688;828;savings;47169;2022-12-14;active
101689;828;chequing;9587;2021-12-24;dormant
101690;828;chequing;27900;2019-05-27;active
101691;829;chequing;10451;2025-09-01;active
101692;830;savings;1204;2025-01-09;active
101693;831;chequing;19710;2022-10-04;active
101694;832;savings;49223;2026-01-21;active
101695;832;savings;1310;2023-02-16;active
101696;833;chequing;5881;2024-06-04;active
101697;833;savings;36668;2024-10-29;active
101698;833;chequing;22766;2024-05-26;active
101699;834;savings;40513;2021-06-13;active
101700;835;savings;23532;2019-09-29;active
101701;835;savings;34800;2018-02-25;active
101702;835;chequing;1423;2021-09-02;active
101703;836;savings;45420;2020-11-20;active
101704;837;chequing;1168;2022-01-15;dormant
101705;837;chequing;18739;2026-03-09;active
101706;837;savings;42917;2018-11-14;active
101707;838;savings;41903;2019-03-05;active
101708;838;chequing;10112;2019-08-13;active
101709;839;chequing;28252;2019-04-11;active
101710;840;chequing;18395;2022-07-04;dormant
101711;840;savings;21769;2022-10-02;active
101712;840;savings;45876;2024-06-27;active
101713;841;savings;2819;2025-01-13;active
101714;841;chequing;43943;2019-12-12;active
101715;841;savings;23963;2019-12-15;active
101716;842;chequing;33209;2019-04-06;active
101717;842;savings;48355;2020-12-13;active
101718;843;savings;40782;2024-05-22;active
101719;843;savings;30388;2021-05-06;active
101720;843;chequing;29653;2026-02-15;active
101721;844;chequing;22903;2022-01-23;active
101722;844;chequing;15079;2020-03-02;active
101723;844;savings;36715;2019-11-24;active
101724;845;savings;35175;2018-09-29;active
101725;846;savings;29805;2024-08-21;active
101726;846;savings;40445;2021-11-02;active
101727;846;chequing;23957;2021-12-14;active
101728;847;chequing;44160;2023-01-18;active
101729;847;chequing;19754;2022-06-13;active
101730;848;chequing;44244;2019-05-27;active
101731;849;chequing;17874;2021-12-21;active
101732;850;chequing;16133;2020-03-16;active
101733;850;savings;13673;2018-06-05;active
101734;850;chequing;7157;2019-12-06;active
101735;851;chequing;32687;2020-01-14;active
101736;851;savings;22220;2025-07-28;active
101737;851;chequing;25236;2020-07-23;active
101738;852;chequing;41169;2021-12-17;dormant
101739;853;chequing;38093;2021-07-19;active
101740;853;chequing;19881;2025-02-14;active
101741;854;savings;43598;2019-07-01;active
101742;854;chequing;6208;2019-10-16;active
101743;854;savings;40268;2024-02-15;active
101744;855;chequing;4241;2018-06-10;active
101745;855;chequing;44704;2022-06-21;active
101746;856;chequing;4992;2019-11-16;active
101747;856;chequing;42824;2024-08-22;active
101748;856;savings;25455;2019-08-22;active
101749;857;chequing;36695;2019-04-23;active
101750;857;savings;13817;2023-06-17;active
101751;858;savings;21909;2023-12-02;dormant
101752;858;savings;42530;2018-05-08;dormant
101753;858;chequing;9679;2025-04-29;active
101754;859;savings;18730;2022-07-14;active
101755;859;savings;7433;2025-03-21;active
101756;859;savings;49803;2024-07-03;active
101757;860;chequing;11629;2023-05-04;active
101758;861;chequing;23010;2022-04-02;active
101759;861;chequing;47504;2021-03-05;active
101760;861;chequing;27130;2020-01-30;active
101761;862;chequing;5846;2024-05-25;active
101762;863;savings;22975;2019-06-26;active
101763;863;savings;29948;2021-03-14;active
101764;863;savings;38700;2025-05-23;dormant
101765;864;savings;10634;2021-12-01;active
101766;865;savings;19872;2022-03-30;active
101767;866;chequing;41449;2022-04-13;active
101768;866;chequing;42085;2020-07-23;active
101769;866;chequing;26564;2020-05-30;active
101770;867;savings;47939;2021-11-08;active
101771;867;chequing;36023;2024-01-01;active
101772;867;savings;36597;2021-06-17;active
101773;868;chequing;20863;2019-01-15;active
101774;868;chequing;16001;2025-06-25;active
101775;869;savings;49411;2022-11-05;dormant
101776;869;chequing;31346;2025-08-20;active
101777;869;chequing;24585;2022-01-01;active
101778;870;savings;14622;2019-04-03;dormant
101779;870;savings;13960;2018-11-02;active
101780;870;savings;10789;2026-03-08;dormant
101781;871;chequing;43747;2020-06-23;active
101782;871;savings;5842;2020-05-25;active
101783;871;savings;42900;2022-03-17;active
101784;872;savings;41515;2023-08-31;active
101785;872;savings;1603;2020-07-27;active
101786;873;savings;31154;2023-08-05;active
101787;873;savings;1703;2023-09-23;active
101788;874;savings;40221;2022-12-10;active
101789;875;chequing;38274;2024-05-18;active
101790;875;chequing;9978;2024-11-24;dormant
101791;875;chequing;44457;2025-06-18;active
101792;876;chequing;3725;2024-09-11;active
101793;876;savings;31246;2020-12-28;active
101794;877;savings;40394;2023-11-10;active
101795;877;chequing;39397;2023-12-16;active
101796;877;chequing;21571;2023-09-08;active
101797;878;chequing;12986;2025-07-07;active
101798;878;chequing;28808;2022-07-28;dormant
101799;878;chequing;16582;2022-05-06;active
101800;879;chequing;9794;2023-09-12;active
101801;879;savings;39655;2018-02-22;active
101802;879;chequing;13271;2021-01-09;active
101803;880;savings;49231;2021-11-26;active
101804;880;chequing;35548;2021-08-11;active
101805;881;savings;46190;2019-08-27;active
101806;882;savings;33877;2018-11-14;active
101807;883;savings;25472;2019-09-23;active
101808;883;chequing;30282;2022-06-10;active
101809;884;chequing;29719;2021-01-24;active
101810;885;chequing;48283;2018-03-30;active
101811;886;savings;44785;2022-09-03;active
101812;886;savings;26614;2018-02-04;dormant
101813;886;chequing;29512;2025-01-06;active
101814;887;chequing;34725;2018-04-05;active
101815;887;chequing;16018;2025-08-30;active
101816;888;savings;46979;2024-09-14;active
101817;888;savings;18353;2021-01-11;active
101818;888;chequing;38179;2021-05-04;dormant
101819;889;chequing;15189;2019-11-19;active
101820;889;savings;24966;2021-09-24;active
101821;889;savings;15504;2026-02-08;active
101822;890;savings;4762;2022-01-29;active
101823;890;savings;28842;2020-07-05;active
101824;890;chequing;23585;2023-10-09;active
101825;891;savings;48335;2022-03-12;active
101826;892;chequing;8749;2024-11-24;dormant
101827;892;savings;247;2025-12-01;active
101828;892;savings;13939;2020-01-05;active
101829;893;chequing;49966;2018-04-23;active
101830;893;savings;19751;2025-03-23;active
101831;893;chequing;48343;2021-11-29;active
101832;894;savings;2923;2024-03-21;active
101833;895;chequing;8926;2020-07-31;active
101834;895;chequing;32375;2026-02-08;dormant
101835;896;chequing;1185;2020-03-27;active
101836;896;savings;23095;2020-07-30;active
101837;897;savings;36656;2026-01-30;active
101838;898;chequing;40396;2024-03-03;active
101839;899;savings;34158;2019-09-27;active
101840;900;savings;26540;2021-05-31;active
101841;900;savings;31703;2020-01-14;active
101842;901;chequing;5860;2025-12-06;dormant
101843;902;savings;28991;2022-10-31;active
101844;902;chequing;1682;2022-03-01;active
101845;902;chequing;8298;2023-10-12;active
101846;903;chequing;16285;2023-05-17;active
101847;904;chequing;15364;2022-11-01;active
101848;905;chequing;35919;2022-08-04;active
101849;905;savings;39076;2018-12-27;active
101850;906;savings;37203;2023-10-23;active
101851;906;chequing;19666;2019-07-06;active
101852;907;savings;40278;2023-01-06;dormant
101853;908;chequing;18494;2018-05-17;active
101854;908;savings;29621;2018-07-22;active
101855;909;chequing;38396;2019-02-17;active
101856;910;savings;10316;2025-06-27;active
101857;910;chequing;24207;2024-07-09;active
101858;911;savings;25828;2022-04-07;active
101859;912;savings;3447;2025-07-11;active
101860;912;chequing;25619;2018-11-03;dormant
101861;912;savings;45958;2026-01-02;active
101862;913;savings;5247;2025-11-30;active
101863;914;savings;27149;2020-05-05;active
101864;915;chequing;42794;2021-06-16;active
101865;915;savings;38050;2024-04-29;active
101866;916;savings;41525;2023-08-29;active
101867;916;savings;6723;2023-03-29;active
101868;917;savings;11461;2019-09-06;active
101869;917;chequing;34185;2018-06-04;active
101870;918;chequing;48975;2018-01-25;active
101871;918;chequing;40579;2024-06-15;active
101872;918;savings;31049;2023-08-30;active
101873;919;chequing;14517;2024-09-03;active
101874;920;chequing;26670;2019-11-29;active
101875;920;savings;47672;2023-08-06;active
101876;920;savings;33671;2020-03-17;active
101877;921;savings;19703;2023-11-10;active
101878;922;chequing;35029;2025-11-04;active
101879;922;chequing;44759;2019-07-18;active
101880;922;savings;16741;2023-11-14;active
101881;923;savings;258;2018-01-15;active
101882;923;savings;39301;2019-11-13;active
101883;924;chequing;28159;2023-07-01;active
101884;925;chequing;17186;2022-03-22;active
101885;925;savings;8641;2019-05-23;active
101886;925;savings;33967;2024-04-26;active
101887;926;chequing;3218;2024-01-25;active
101888;926;savings;37376;2025-12-08;active
101889;927;savings;16820;2020-06-09;active
101890;927;chequing;31106;2025-12-09;active
101891;927;savings;30921;2023-12-04;active
101892;928;savings;7131;2021-02-05;active
101893;928;chequing;29503;2025-09-08;active
101894;929;savings;49789;2023-04-09;active
101895;929;savings;36805;2022-06-01;active
101896;930;savings;6506;2024-06-27;active
101897;930;chequing;33471;2020-09-06;active
101898;931;chequing;43487;2022-05-31;active
101899;931;savings;42723;2024-05-07;active
101900;931;chequing;42790;2020-03-06;active
101901;932;chequing;12704;2023-12-26;active
101902;933;savings;6427;2019-01-16;active
101903;933;chequing;34354;2018-03-04;active
101904;934;savings;13594;2025-08-28;active
101905;934;chequing;5371;2019-06-07;active
101906;935;savings;3930;2026-02-04;active
101907;936;chequing;17431;2026-01-29;dormant
101908;936;chequing;2899;2023-09-18;active
101909;937;chequing;16879;2018-08-25;active
101910;938;savings;10325;2024-06-11;active
101911;938;chequing;18600;2024-12-03;active
101912;938;chequing;49402;2024-01-01;active
101913;939;savings;21694;2021-12-25;active
101914;939;savings;4596;2023-04-29;active
101915;939;chequing;8488;2024-05-23;active
101916;940;chequing;24144;2024-04-07;active
101917;940;savings;15480;2025-04-26;dormant
101918;941;savings;21299;2023-12-23;active
101919;942;chequing;27135;2021-01-16;active
101920;942;chequing;16086;2024-11-23;active
101921;943;chequing;40490;2025-05-04;active
101922;944;chequing;1734;2019-06-13;active
101923;944;savings;37152;2022-08-16;active
101924;944;savings;17892;2019-03-19;dormant
101925;945;savings;44829;2023-04-15;active
101926;946;chequing;42479;2020-07-09;active
101927;947;chequing;23478;2019-12-19;active
101928;947;savings;15497;2023-07-18;active
101929;948;savings;13411;2018-11-30;active
101930;948;savings;18937;2023-11-14;active
101931;949;chequing;11286;2025-06-28;active
101932;949;chequing;14600;2024-10-19;active
101933;949;chequing;27624;2024-01-08;active
101934;950;chequing;13689;2023-03-29;active
101935;951;savings;45073;2025-10-31;dormant
101936;951;chequing;1424;2021-07-09;active
101937;952;chequing;28579;2022-12-05;active
101938;952;chequing;13613;2020-04-10;active
101939;952;savings;9006;2023-08-31;active
101940;953;chequing;2279;2020-12-24;active
101941;954;chequing;41257;2023-09-23;active
101942;955;savings;28447;2023-08-19;active
101943;956;savings;21725;2023-10-22;active
101944;957;savings;15845;2018-05-08;active
101945;958;savings;41578;2025-10-01;active
101946;958;savings;2857;2020-11-15;active
101947;959;chequing;26634;2023-07-10;active
101948;959;savings;2868;2024-07-05;active
101949;960;chequing;49974;2023-05-20;active
101950;960;savings;39131;2025-01-15;active
101951;960;chequing;22806;2021-02-26;active
101952;961;savings;39354;2023-05-11;active
101953;961;savings;38336;2018-05-27;active
101954;961;chequing;40978;2022-04-30;active
101955;962;chequing;44244;2018-11-30;active
101956;963;savings;18818;2018-01-12;active
101957;963;savings;26163;2020-04-25;active
101958;963;savings;9153;2021-06-04;active
101959;964;chequing;24351;2021-10-02;active
101960;964;chequing;18254;2022-10-24;active
101961;964;chequing;45596;2019-08-04;dormant
101962;965;savings;32421;2018-03-10;active
101963;965;chequing;43575;2021-11-01;active
101964;965;savings;11444;2025-03-23;active
101965;966;chequing;25957;2020-08-23;active
101966;967;chequing;46227;2019-07-28;active
101967;968;savings;49987;2021-03-15;active
101968;969;savings;48749;2022-09-26;active
101969;970;savings;43394;2022-07-26;active
101970;970;chequing;29264;2019-10-15;active
101971;971;savings;4637;2022-09-02;active
101972;971;savings;29348;2019-11-19;active
101973;972;chequing;16269;2021-08-06;dormant
101974;972;savings;10135;2024-10-19;dormant
101975;973;savings;34007;2024-05-18;active
101976;974;savings;6557;2020-10-04;active
101977;974;chequing;37847;2018-06-08;active
101978;974;savings;9859;2023-10-17;active
101979;975;savings;24460;2023-05-24;dormant
101980;975;savings;6981;2020-10-04;active
101981;975;chequing;25959;2025-12-26;dormant
101982;976;chequing;27153;2025-10-16;active
101983;977;savings;30267;2023-08-08;active
101984;977;savings;15802;2019-08-04;active
101985;977;savings;32431;2018-08-07;dormant
101986;978;savings;23836;2019-11-20;active
101987;978;savings;14724;2024-09-24;active
101988;978;savings;47671;2023-11-03;active
101989;979;savings;12298;2024-06-14;active
101990;979;savings;43124;2020-01-25;active
101991;979;chequing;26640;2018-07-18;active
101992;980;chequing;11077;2019-05-09;active
101993;980;savings;18390;2019-05-17;active
101994;981;savings;42477;2019-09-05;active
101995;981;savings;46455;2020-09-20;dormant
101996;981;savings;42281;2020-07-06;dormant
101997;982;chequing;49439;2019-11-19;active
101998;982;chequing;2024;2022-08-22;active
101999;982;savings;3085;2025-03-30;active
102000;983;savings;48185;2022-03-14;active
102001;983;chequing;44423;2020-02-02;active
102002;984;savings;35501;2018-09-16;dormant
102003;984;chequing;16719;2020-10-29;active
102004;984;chequing;33900;2022-11-18;active
102005;985;savings;20170;2018-03-03;active
102006;986;chequing;45998;2023-10-28;active
102007;986;chequing;30097;2022-03-07;active
102008;987;chequing;11592;2024-07-03;active
102009;988;chequing;6733;2019-07-28;active
102010;988;chequing;9015;2025-09-24;active
102011;989;savings;13815;2021-03-26;active
102012;990;savings;49441;2022-06-16;active
102013;990;chequing;36668;2019-06-06;active
102014;991;chequing;43400;2018-11-22;active
102015;991;chequing;5838;2024-10-18;active
102016;991;chequing;33819;2025-12-23;active
102017;992;savings;8082;2021-06-12;active
102018;993;chequing;26141;2018-02-23;dormant
102019;994;chequing;43544;2025-12-28;active
102020;995;savings;38315;2020-11-08;active
102021;995;chequing;23964;2023-10-21;dormant
102022;995;savings;29449;2018-03-10;dormant
102023;996;savings;46987;2020-02-17;active
102024;996;chequing;14791;2024-08-02;active
102025;996;savings;2841;2018-11-16;active
102026;997;chequing;41841;2018-09-26;active
102027;997;savings;44951;2018-03-21;active
102028;998;savings;3390;2019-10-05;active
102029;998;chequing;1355;2020-10-24;active
102030;999;chequing;29601;2018-05-17;active
102031;999;chequing;39735;2024-04-01;active
102032;1000;chequing;8216;2022-08-27;active
102033;1000;savings;38406;2018-10-20;active
102034;1000;savings;11930;2024-06-23;active
